{"_wandb":{"runtime":25},"step":30,"_timestamp":1.7274393203580046e+09,"_runtime":25.414710151,"_step":29,"train_loss":7666.8759765625,"learning_rate":0.006875000000000001,"epoch":1}