{"_wandb":{"runtime":2310},"_step":2409,"train_loss":5406.5078125,"_timestamp":1.7274416577654061e+09,"val_loss":5617.62841796875,"_runtime":2309.855409225,"learning_rate":0.050625,"epoch":6,"step":90}