{"learning_rate":0.006875000000000001,"epoch":1,"step":39,"_timestamp":1.7274392643763728e+09,"_runtime":35.923240317,"_wandb":{"runtime":36},"_step":38,"train_loss":7430.7275390625}