{"_timestamp":1.7274417361089098e+09,"_runtime":40.1699392,"_step":41,"_wandb":{"runtime":40},"train_loss":7653.697265625,"learning_rate":0.0084375,"epoch":1,"step":42}